input_text,output,flag,username,timestamp
"项目名称：自动化辅助机器人开发
时间线与活动安排（增强并行任务）
项目启动与团队建设

日期：2023年6月1日
内容：项目启动会议，明确项目目标、团队职责、初步时间表。同时组建各子团队。
参与者：项目经理、各子团队负责人、关键技术人员。
需求分析与市场调研（完全并行任务）

需求分析
开始日期：2023年6月2日
结束日期：2023年6月15日
市场调研
开始日期：2023年6月2日
结束日期：2023年6月15日
设计与原型开发（增强并行多任务）

硬件设计
开始日期：2023年6月16日
结束日期：2023年7月15日
软件开发
开始日期：2023年6月16日
结束日期：2023年7月15日
用户界面设计
开始日期：2023年6月16日
结束日期：2023年7月15日
初步原型制作
开始日期：2023年7月16日
结束日期：2023年7月31日
综合测试与优化（完全并行多任务）

原型测试
开始日期：2023年8月1日
结束日期：2023年8月20日
设计优化
开始日期：2023年8月1日
结束日期：2023年8月20日
第二版原型开发
开始日期：2023年8月21日
结束日期：2023年8月31日
产品完善与市场准备（完全并行多任务）

最终测试与调整
开始日期：2023年9月1日
结束日期：2023年9月15日
市场与销售策略制定
开始日期：2023年9月1日
结束日期：2023年9月15日
生产准备
开始日期：2023年9月16日
结束日期：2023年9月30日
产品发布与后续支持

日期：2023年10月1日起
内容：正式发布产品，开展市场推广活动，提供技术支持和客户服务。
参与者：销售团队、市场团队、客户服务部门。","```mermaid
gantt
    title 自动化辅助机器人开发项目时间线
    dateFormat  YYYY-MM-DD
    section 项目启动与团队建设
    项目启动会议 :des1, 2023-06-01, 2023-06-01
    
    section 需求分析与市场调研
    需求分析 :des2, 2023-06-02, 2023-06-15
    市场调研 :des3, 2023-06-02, 2023-06-15
    
    section 设计与原型开发
    硬件设计 :des4, 2023-06-16, 2023-07-15
    软件开发 :des5, 2023-06-16, 2023-07-15
    用户界面设计 :des6, 2023-06-16, 2023-07-15
    初步原型制作 :des7, 2023-07-16, 2023-07-31
    
    section 综合测试与优化
    原型测试 :des8, 2023-08-01, 2023-08-20
    设计优化 :des9, 2023-08-01, 2023-08-20
    第二版原型开发 :des10, 2023-08-21, 2023-08-31
    
    section 产品完善与市场准备
    最终测试与调整 :des11, 2023-09-01, 2023-09-15
    市场与销售策略制定 :des12, 2023-09-01, 2023-09-15
    生产准备 :des13, 2023-09-16, 2023-09-30
    
    section 产品发布与后续支持
    产品发布与后续支持 :des14, 2023-10-01, 2023-12-31
```",,,2024-05-18 19:53:12.565341
